{
  "XGBoost": {
    "accuracy": 0.6846318532998231,
    "precision": 0.6843908629441624,
    "recall": 0.6751377065598397,
    "f1_score": 0.679732795563398
  },
  "Logistic_Regression": {
    "accuracy": 0.6664184430171585,
    "precision": 0.6647121871256542,
    "recall": 0.6599273910866299,
    "f1_score": 0.662311147407105
  },
  "MLP": {
    "accuracy": 0.6868968941015855,
    "precision": 0.6836881203570759,
    "recall": 0.685528292438658,
    "f1_score": 0.6846069698390373
  },
  "SVM": {
    "accuracy": 0.5361320549815384,
    "precision": 0.5195951107715814,
    "recall": 0.8514646970455684,
    "f1_score": 0.6453648353733751
  },
  "BERT": {
    "accuracy": 0.6945,
    "precision": 0.6534412955465587,
    "recall": 0.8151515151515152,
    "f1_score": 0.7253932584269663
  }
}